{
  "shape": [
    1803,
    11
  ],
  "columns": [
    "ImageName",
    "SensorName",
    "Set",
    "ImageID",
    "SensorID",
    "wear",
    "type",
    "ImageDateTime",
    "SensorDateTime",
    "ImageFile",
    "SensorFile"
  ],
  "missing": {
    "ImageName": 122,
    "SensorName": 103,
    "Set": 0,
    "ImageID": 122,
    "SensorID": 103,
    "wear": 140,
    "type": 135,
    "ImageDateTime": 122,
    "SensorDateTime": 103,
    "ImageFile": 122,
    "SensorFile": 103
  },
  "unique": {
    "ImageName": 1680,
    "SensorName": 1700,
    "Set": 17,
    "ImageID": 152,
    "SensorID": 213,
    "wear": 28,
    "type": 3,
    "ImageDateTime": 1680,
    "SensorDateTime": 1700,
    "ImageFile": 1680,
    "SensorFile": 1700
  },
  "exact_duplicates": 0,
  "numeric_stats": {
    "Set": {
      "count": 1803,
      "min": 1.0,
      "q25": 5.0,
      "median": 8.0,
      "mean": 8.808652246256239,
      "q75": 14.0,
      "max": 17.0,
      "std": 4.9402971916863825
    },
    "ImageID": {
      "count": 1681,
      "min": 0.0,
      "q25": 24.0,
      "median": 49.0,
      "mean": 53.54967281380131,
      "q75": 79.0,
      "max": 151.0,
      "std": 35.425518235428676
    },
    "SensorID": {
      "count": 1700,
      "min": 0.0,
      "q25": 24.75,
      "median": 49.5,
      "mean": 56.87235294117647,
      "q75": 81.0,
      "max": 212.0,
      "std": 41.97519786302548
    },
    "wear": {
      "count": 1663,
      "min": 15.0,
      "q25": 60.0,
      "median": 90.0,
      "mean": 109.52796151533373,
      "q75": 150.0,
      "max": 750.0,
      "std": 77.97710955804133
    }
  },
  "type_counts": {
    "flank_wear": 1154,
    "adhesion": 179,
    "<missing>": 135,
    "flank_wear+adhesion": 335
  },
  "wear_counts": {
    "30.0": 150,
    "60.0": 212,
    "90.0": 268,
    "75.0": 145,
    "45.0": 172,
    "105.0": 45,
    "150.0": 109,
    "120.0": 143,
    "<missing>": 140,
    "50.0": 8,
    "100.0": 39,
    "200.0": 9,
    "250.0": 3,
    "125.0": 13,
    "175.0": 3,
    "270.0": 35,
    "300.0": 36,
    "180.0": 102,
    "210.0": 48,
    "135.0": 13,
    "165.0": 2,
    "240.0": 43,
    "330.0": 1,
    "360.0": 12,
    "390.0": 1,
    "420.0": 17,
    "450.0": 1,
    "15.0": 32,
    "750.0": 1
  },
  "set_counts": {
    "1": 98,
    "2": 115,
    "3": 106,
    "4": 108,
    "5": 73,
    "6": 214,
    "7": 107,
    "8": 104,
    "9": 104,
    "10": 104,
    "11": 104,
    "12": 55,
    "13": 54,
    "14": 158,
    "15": 51,
    "16": 101,
    "17": 147
  },
  "set_type": {
    "1": {
      "flank_wear": 73,
      "adhesion": 19,
      "<missing>": 6
    },
    "10": {
      "flank_wear": 94,
      "adhesion": 8,
      "<missing>": 2
    },
    "11": {
      "adhesion": 5,
      "flank_wear": 96,
      "<missing>": 3
    },
    "12": {
      "flank_wear+adhesion": 50,
      "<missing>": 5
    },
    "13": {
      "flank_wear+adhesion": 46,
      "flank_wear": 7,
      "<missing>": 1
    },
    "14": {
      "flank_wear": 118,
      "adhesion": 34,
      "<missing>": 6
    },
    "15": {
      "flank_wear": 21,
      "adhesion": 29,
      "<missing>": 1
    },
    "16": {
      "flank_wear+adhesion": 96,
      "flank_wear": 3,
      "<missing>": 2
    },
    "17": {
      "flank_wear": 77,
      "flank_wear+adhesion": 70
    },
    "2": {
      "flank_wear": 63,
      "adhesion": 34,
      "<missing>": 18
    },
    "3": {
      "<missing>": 2,
      "flank_wear+adhesion": 73,
      "flank_wear": 31
    },
    "4": {
      "<missing>": 9,
      "flank_wear": 86,
      "adhesion": 13
    },
    "5": {
      "flank_wear": 60,
      "adhesion": 5,
      "<missing>": 8
    },
    "6": {
      "flank_wear": 140,
      "adhesion": 8,
      "<missing>": 66
    },
    "7": {
      "flank_wear": 96,
      "adhesion": 9,
      "<missing>": 2
    },
    "8": {
      "flank_wear": 89,
      "<missing>": 2,
      "adhesion": 13
    },
    "9": {
      "flank_wear": 100,
      "adhesion": 2,
      "<missing>": 2
    }
  },
  "type_wear": {
    "<missing>": {
      "<missing>": 135
    },
    "adhesion": {
      "60.0": 28,
      "90.0": 30,
      "75.0": 5,
      "45.0": 8,
      "105.0": 1,
      "150.0": 30,
      "120.0": 16,
      "100.0": 3,
      "200.0": 9,
      "250.0": 3,
      "125.0": 3,
      "175.0": 3,
      "300.0": 3,
      "180.0": 16,
      "210.0": 12,
      "240.0": 1,
      "360.0": 1,
      "30.0": 5,
      "270.0": 1,
      "750.0": 1
    },
    "flank_wear": {
      "30.0": 143,
      "45.0": 163,
      "60.0": 159,
      "75.0": 98,
      "90.0": 187,
      "105.0": 40,
      "120.0": 76,
      "150.0": 62,
      "50.0": 8,
      "100.0": 36,
      "125.0": 10,
      "<missing>": 5,
      "270.0": 33,
      "180.0": 17,
      "210.0": 32,
      "135.0": 4,
      "165.0": 1,
      "240.0": 9,
      "300.0": 8,
      "330.0": 1,
      "360.0": 11,
      "390.0": 1,
      "420.0": 17,
      "450.0": 1,
      "15.0": 32
    },
    "flank_wear+adhesion": {
      "30.0": 2,
      "60.0": 25,
      "75.0": 42,
      "90.0": 51,
      "105.0": 4,
      "120.0": 51,
      "165.0": 1,
      "240.0": 33,
      "270.0": 1,
      "300.0": 25,
      "45.0": 1,
      "135.0": 9,
      "150.0": 17,
      "180.0": 69,
      "210.0": 4
    }
  },
  "set_wear": {
    "1": {
      "30.0": 3,
      "60.0": 9,
      "90.0": 17,
      "75.0": 5,
      "45.0": 4,
      "105.0": 9,
      "150.0": 24,
      "120.0": 21,
      "<missing>": 6
    },
    "10": {
      "15.0": 32,
      "60.0": 6,
      "90.0": 1,
      "30.0": 20,
      "180.0": 1,
      "45.0": 41,
      "270.0": 1,
      "<missing>": 2
    },
    "11": {
      "150.0": 15,
      "120.0": 4,
      "60.0": 2,
      "750.0": 1,
      "75.0": 5,
      "90.0": 45,
      "<missing>": 3,
      "105.0": 9,
      "300.0": 1,
      "180.0": 4,
      "210.0": 12,
      "240.0": 3
    },
    "12": {
      "60.0": 1,
      "75.0": 6,
      "<missing>": 5,
      "105.0": 2,
      "120.0": 8,
      "165.0": 1,
      "240.0": 6,
      "270.0": 1,
      "300.0": 25
    },
    "13": {
      "45.0": 1,
      "60.0": 6,
      "75.0": 1,
      "90.0": 1,
      "105.0": 2,
      "120.0": 18,
      "135.0": 10,
      "150.0": 6,
      "180.0": 8,
      "<missing>": 1
    },
    "14": {
      "<missing>": 10,
      "30.0": 33,
      "60.0": 54,
      "45.0": 21,
      "90.0": 30,
      "120.0": 7,
      "150.0": 3
    },
    "15": {
      "120.0": 7,
      "150.0": 13,
      "180.0": 16,
      "210.0": 14,
      "<missing>": 1
    },
    "16": {
      "90.0": 18,
      "120.0": 16,
      "150.0": 6,
      "180.0": 28,
      "210.0": 3,
      "240.0": 27,
      "300.0": 1,
      "<missing>": 2
    },
    "17": {
      "30.0": 8,
      "75.0": 2,
      "90.0": 9,
      "120.0": 48,
      "60.0": 17,
      "150.0": 8,
      "180.0": 39,
      "210.0": 8,
      "240.0": 1,
      "270.0": 1,
      "300.0": 6
    },
    "2": {
      "50.0": 8,
      "100.0": 39,
      "200.0": 9,
      "150.0": 22,
      "250.0": 3,
      "125.0": 13,
      "175.0": 3,
      "<missing>": 18
    },
    "3": {
      "<missing>": 3,
      "30.0": 2,
      "60.0": 14,
      "75.0": 33,
      "90.0": 28,
      "270.0": 26
    },
    "4": {
      "<missing>": 9,
      "45.0": 14,
      "300.0": 1,
      "60.0": 35,
      "75.0": 3,
      "180.0": 4,
      "90.0": 15,
      "105.0": 1,
      "120.0": 9,
      "150.0": 8,
      "210.0": 9
    },
    "5": {
      "75.0": 9,
      "90.0": 1,
      "105.0": 2,
      "135.0": 3,
      "150.0": 1,
      "165.0": 1,
      "180.0": 1,
      "210.0": 1,
      "240.0": 6,
      "270.0": 6,
      "300.0": 2,
      "330.0": 1,
      "360.0": 12,
      "<missing>": 8,
      "390.0": 1,
      "420.0": 17,
      "450.0": 1
    },
    "6": {
      "30.0": 6,
      "45.0": 19,
      "60.0": 21,
      "75.0": 47,
      "90.0": 55,
      "<missing>": 66
    },
    "7": {
      "30.0": 62,
      "60.0": 4,
      "90.0": 1,
      "45.0": 38,
      "<missing>": 2
    },
    "8": {
      "30.0": 11,